{
	"inspector_window": {
		"x": 585,
		"y": 9,
		"height": 911,
		"width": 439
	},
	"canvas_window": {
		"x": 1062,
		"bgColorB": 1,
		"height": 881,
		"bottom": -1.1182076471802187,
		"bgColorA": 0,
		"right": 1.114425973411911,
		"transparent": false,
		"scaleY": 1.1,
		"y": 56,
		"left": -1.085574026588089,
		"top": 1.0817923528197815,
		"displayState": "normal",
		"scaleX": 1.1,
		"bgColorR": 1,
		"bgColorG": 1,
		"width": 783
	}
}