{"root":{"BeginEvent":"","AirBlockID":1,"BlockOutline":0,"SceneHeight":800,"IsSaveTed":false,"BornID1":0,"IsSaveTes":false,"BeginSummonEvent":{},"Name":"教室","ScriptAnimID":0,"MoveLayerID":2,"Size":{"H":350,"W":2780},"ID":0,"BlockSize":10,"CanBorkenID":0},"resources":{"effects":{},"images":["kuangsanwaizhuan\/jiaoshi-kswz.png"]},"children":[{"Active":true,"CameraZ":0,"Visible":true,"Mark":"1","Z":5,"Scale":{"Y":1,"X":1},"Alpha":255,"Rotation":0,"Size":{"H":100,"W":100},"ID":1001,"Color":{"R":255,"B":255,"G":255},"Position":{"Y":0,"X":0},"Name":"遮挡物件层","type":"MapLayer"},{"Active":true,"CameraZ":0,"Visible":true,"Mark":2,"Z":4,"Scale":{"Y":1,"X":1},"Alpha":255,"Rotation":0,"Size":{"H":100,"W":100},"ID":1002,"Color":{"R":255,"B":255,"G":255},"Position":{"Y":0,"X":-1},"Name":"角色层(不用放置任何东西)","type":"MapLayer"},{"children":[{"Position":{"Y":272.96496582031,"X":2193.2551269531},"Blocks":[34,220,33,220,32,220,31,220,34,221,33,221,32,221,31,221,30,221,34,222,33,222,32,222,31,222,30,222,34,223,33,223,32,223,31,223,30,223,29,223,34,224,33,224,32,224,31,224,30,224,29,224,34,225,33,225,32,225,31,225,30,225,29,225,34,226,33,226,32,226,31,226,30,226,29,226,34,227,33,227,32,227,31,227,30,227,29,227,34,228,33,228,32,228,31,228,30,228,29,228,34,229,33,229,32,229,31,229,30,229,29,229,34,230,33,230,32,230,31,230,30,230,29,230,34,231,33,231,32,231,31,231,30,231,29,231,34,232,33,232,32,232,31,232,30,232,29,232,34,233,33,233,32,233,31,233,30,233,29,233,34,234,33,234,32,234,31,234,30,234,29,234,34,235,33,235,32,235,31,235,30,235,29,235,34,236,33,236,32,236,31,236,30,236,29,236,34,237,33,237,32,237,31,237,30,237,29,237,34,238,33,238,32,238,31,238,30,238,29,238,34,239,33,239,32,239,31,239,30,239,29,239,28,239,34,240,33,240,32,240,31,240,30,240,29,240,28,240,34,241,33,241,32,241,31,241,30,241,29,241,28,241,34,242,33,242,32,242,31,242,30,242,29,242,28,242,34,243,33,243,32,243,31,243,30,243,29,243,28,243,34,244,33,244,32,244,31,244,30,244,29,244,28,244,34,245,33,245,32,245,31,245,30,245,29,245,28,245,34,246,33,246,32,246,31,246,30,246,29,246,28,246,34,247,33,247,32,247,31,247,30,247,29,247,28,247,34,248,33,248,32,248,31,248,30,248,29,248,28,248,34,249,33,249,32,249,31,249,30,249,29,249,28,249,34,250,33,250,32,250,31,250,30,250,29,250,28,250,34,251,33,251,32,251,31,251,30,251,29,251,28,251,34,252,33,252,32,252,31,252,30,252,29,252,28,252,34,253,33,253,32,253,31,253,30,253,29,253,28,253,34,254,33,254,32,254,31,254,30,254,29,254,28,254,34,255,33,255,32,255,31,255,30,255,29,255,28,255,27,255,34,256,33,256,32,256,31,256,30,256,29,256,28,256,27,256,34,257,33,257,32,257,31,257,30,257,29,257,28,257,27,257,31,258,30,258,29,258,28,258,27,258],"Visible":true,"Rotation":0,"Z":2,"Scale":{"Y":1,"X":1},"Alpha":255,"PointSize":4,"ControlPoint":[{"Y":0,"X":390},{"Y":83,"X":385},{"Y":106,"X":0},{"Y":24,"X":11}],"ID":14,"type":"ResistLayer","Name":"阻挡面","Color":{"R":1,"B":0,"A":0.5,"G":0},"Active":true},{"Position":{"Y":254.69250488281,"X":1276.0432128906},"Blocks":[34,128,33,128,34,129,33,129,34,130,33,130,32,130,34,131,33,131,32,131,34,132,33,132,32,132,34,133,33,133,32,133,34,134,33,134,32,134,34,135,33,135,32,135,31,135,34,136,33,136,32,136,31,136,34,137,33,137,32,137,31,137,34,138,33,138,32,138,31,138,34,139,33,139,32,139,31,139,34,140,33,140,32,140,31,140,30,140,34,141,33,141,32,141,31,141,30,141,34,142,33,142,32,142,31,142,30,142,34,143,33,143,32,143,31,143,30,143,34,144,33,144,32,144,31,144,30,144,34,145,33,145,32,145,31,145,30,145,34,146,33,146,32,146,31,146,30,146,29,146,34,147,33,147,32,147,31,147,30,147,29,147,34,148,33,148,32,148,31,148,30,148,29,148,34,149,33,149,32,149,31,149,30,149,29,149,34,150,33,150,32,150,31,150,30,150,29,150,34,151,33,151,32,151,31,151,30,151,29,151,28,151,34,152,33,152,32,152,31,152,30,152,29,152,28,152,34,153,33,153,32,153,31,153,30,153,29,153,28,153,34,154,33,154,32,154,31,154,30,154,29,154,28,154,34,155,33,155,32,155,31,155,30,155,29,155,28,155,34,156,33,156,32,156,31,156,30,156,29,156,28,156,34,157,33,157,32,157,31,157,30,157,29,157,28,157,27,157,34,158,33,158,32,158,31,158,30,158,29,158,28,158,27,158,34,159,33,159,32,159,31,159,30,159,29,159,28,159,27,159,34,160,33,160,32,160,31,160,30,160,29,160,28,160,27,160,34,161,33,161,32,161,31,161,30,161,29,161,28,161,27,161,34,162,33,162,32,162,31,162,30,162,29,162,28,162,27,162,26,162,34,163,33,163,32,163,31,163,30,163,29,163,28,163,27,163,26,163,34,164,33,164,32,164,31,164,30,164,29,164,28,164,27,164,26,164,34,165,33,165,32,165,31,165,30,165,29,165,28,165,27,165,26,165,34,166,33,166,32,166,31,166,30,166,29,166,28,166,27,166,26,166,34,167,33,167,32,167,31,167,30,167,29,167,28,167,27,167,26,167],"Visible":true,"Rotation":0,"Z":2,"Scale":{"Y":1,"X":1},"Alpha":255,"PointSize":4,"ControlPoint":[{"Y":74,"X":0},{"Y":0,"X":403},{"Y":188,"X":405},{"Y":190,"X":0}],"ID":13,"type":"ResistLayer","Name":"阻挡面","Color":{"R":1,"B":0,"A":0.5,"G":0},"Active":true},{"Position":{"Y":265.54968261719,"X":488.75720214844},