{
	"inspector_window": {
		"width": 425,
		"y": 59,
		"height": 890,
		"x": 1166
	},
	"canvas_window": {
		"width": 879,
		"displayState": "normal",
		"height": 897,
		"bgColorA": 0,
		"top": 1.1305255972696218,
		"bgColorR": 1,
		"bottom": -1.0694744027303784,
		"left": -1.1408418657565418,
		"x": 163,
		"bgColorB": 1,
		"y": 50,
		"right": 1.0591581342434584,
		"transparent": false,
		"scaleX": 1.1,
		"scaleY": 1.1,
		"bgColorG": 1
	}
}