{
	"canvas_window": {
		"top": 1.0788288288288288,
		"bottom": -0.9211711711711712,
		"bgColorG": 1,
		"left": -0.9414414414414412,
		"scaleX": 1,
		"scaleY": 1,
		"x": 965,
		"transparent": false,
		"y": 86,
		"bgColorR": 1,
		"right": 1.0585585585585588,
		"bgColorA": 0,
		"bgColorB": 1,
		"width": 888,
		"height": 849,
		"displayState": "normal"
	},
	"inspector_window": {
		"y": 20,
		"width": 432,
		"height": 892,
		"x": 498
	}
}